[
  {
    "name": "Brand",
    "settings": [
      {
        "type": "image_picker",
        "id": "favicon",
        "label": "Favicon"
      },
      {
        "type": "image_picker",
        "id": "logo",
        "label": "Logo"
      },
      {
        "type": "range",
        "id": "logo_width",
        "min": 50,
        "max": 300,
        "step": 10,
        "unit": "px",
        "label": "Logo Width",
        "default": 100
      }
    ]
  },
  {
    "name": "Typography",
    "settings": [
      {
        "type": "header",
        "content": "Fonts"
      },
      {
        "type": "font_picker",
        "id": "type_body_font",
        "label": "Body",
        "default": "inter_n4"
      },
      {
        "type": "font_picker",
        "id": "type_header_font",
        "label": "Heading",
        "default": "playfair_display_n4"
      },
      {
        "type": "font_picker",
        "id": "type_subheader_font",
        "label": "Subheading",
        "default": "inter_n4"
      },
      {
        "type": "font_picker",
        "id": "type_accent_font",
        "label": "Accent",
        "default": "playfair_display_n4"
      },
      {
        "type": "header",
        "content": "Paragraph (Body)"
      },
      {
        "type": "range",
        "id": "type_body_size",
        "min": 10,
        "max": 30,
        "step": 1,
        "unit": "px",
        "label": "Size",
        "default": 16
      },
      {
        "type": "color",
        "id": "type_body_color",
        "label": "Color",
        "default": "#121212"
      },
      {
        "type": "select",
        "id": "type_body_transform",
        "label": "Text Transform",
        "options": [
          { "value": "none", "label": "None" },
          { "value": "uppercase", "label": "Uppercase" },
          { "value": "lowercase", "label": "Lowercase" },
          { "value": "capitalize", "label": "Capitalize" }
        ],
        "default": "none"
      },
      {
        "type": "range",
        "id": "type_body_line_height",
        "min": 1.0,
        "max": 2.5,
        "step": 0.1,
        "label": "Line Height",
        "default": 1.5
      },
      {
        "type": "range",
        "id": "type_body_letter_spacing",
        "min": -2,
        "max": 5,
        "step": 0.5,
        "unit": "px",
        "label": "Letter Spacing",
        "default": 0
      },
      {
        "type": "range",
        "id": "type_body_weight",
        "min": 100,
        "max": 900,
        "step": 100,
        "label": "Font Weight",
        "default": 400
      },
      {
        "type": "header",
        "content": "Heading 1 (H1)"
      },
      {
        "type": "range",
        "id": "h1_size",
        "min": 10,
        "max": 300,
        "step": 5,
        "unit": "px",
        "label": "Size",
        "default": 40
      },
      {
        "type": "color",
        "id": "h1_color",
        "label": "Color",
        "default": "#000000"
      },
      {
        "type": "range",
        "id": "h1_weight",
        "min": 100,
        "max": 900,
        "step": 100,
        "label": "Font Weight",
        "default": 400
      },
      {
        "type": "select",
        "id": "h1_transform",
        "label": "Text Transform",
        "options": [
          { "value": "none", "label": "None" },
          { "value": "uppercase", "label": "Uppercase" },
          { "value": "lowercase", "label": "Lowercase" },
          { "value": "capitalize", "label": "Capitalize" }
        ],
        "default": "none"
      },
      {
        "type": "range",
        "id": "h1_line_height",
        "min": 0.8,
        "max": 2.0,
        "step": 0.1,
        "label": "Line Height",
        "default": 1.2
      },
      {
        "type": "range",
        "id": "h1_letter_spacing",
        "min": -2,
        "max": 10,
        "step": 0.5,
        "unit": "px",
        "label": "Letter Spacing",
        "default": 0
      },
      {
        "type": "header",
        "content": "Heading 2 (H2)"
      },
      {
        "type": "range",
        "id": "h2_size",
        "min": 10,
        "max": 100,
        "step": 1,
        "unit": "px",
        "label": "Size",
        "default": 32
      },
      {
        "type": "color",
        "id": "h2_color",
        "label": "Color",
        "default": "#000000"
      },
      {
        "type": "range",
        "id": "h2_weight",
        "min": 100,
        "max": 900,
        "step": 100,
        "label": "Font Weight",
        "default": 400
      },
      {
        "type": "select",
        "id": "h2_transform",
        "label": "Text Transform",
        "options": [
          { "value": "none", "label": "None" },
          { "value": "uppercase", "label": "Uppercase" },
          { "value": "lowercase", "label": "Lowercase" },
          { "value": "capitalize", "label": "Capitalize" }
        ],
        "default": "none"
      },
      {
        "type": "range",
        "id": "h2_line_height",
        "min": 0.8,
        "max": 2.0,
        "step": 0.1,
        "label": "Line Height",
        "default": 1.3
      },
      {
        "type": "range",
        "id": "h2_letter_spacing",
        "min": -2,
        "max": 10,
        "step": 0.5,
        "unit": "px",
        "label": "Letter Spacing",
        "default": 0
      },
      {
        "type": "header",
        "content": "Heading 3 (H3)"
      },
      {
        "type": "range",
        "id": "h3_size",
        "min": 10,
        "max": 100,
        "step": 1,
        "unit": "px",
        "label": "Size",
        "default": 24
      },
      {
        "type": "color",
        "id": "h3_color",
        "label": "Color",
        "default": "#000000"
      },
      {
        "type": "range",
        "id": "h3_weight",
        "min": 100,
        "max": 900,
        "step": 100,
        "label": "Font Weight",
        "default": 400
      },
      {
        "type": "select",
        "id": "h3_transform",
        "label": "Text Transform",
        "options": [
          { "value": "none", "label": "None" },
          { "value": "uppercase", "label": "Uppercase" },
          { "value": "lowercase", "label": "Lowercase" },
          { "value": "capitalize", "label": "Capitalize" }
        ],
        "default": "none"
      },
      {
        "type": "range",
        "id": "h3_line_height",
        "min": 0.8,
        "max": 2.0,
        "step": 0.1,
        "label": "Line Height",
        "default": 1.4
      },
      {
        "type": "range",
        "id": "h3_letter_spacing",
        "min": -2,
        "max": 10,
        "step": 0.5,
        "unit": "px",
        "label": "Letter Spacing",
        "default": 0
      },
      {
        "type": "header",
        "content": "Heading 4 (H4)"
      },
      {
        "type": "range",
        "id": "h4_size",
        "min": 10,
        "max": 100,
        "step": 1,
        "unit": "px",
        "label": "Size",
        "default": 20
      },
      {
        "type": "color",
        "id": "h4_color",
        "label": "Color",
        "default": "#000000"
      },
      {
        "type": "range",
        "id": "h4_weight",
        "min": 100,
        "max": 900,
        "step": 100,
        "label": "Font Weight",
        "default": 400
      },
      {
        "type": "select",
        "id": "h4_transform",
        "label": "Text Transform",
        "options": [
          { "value": "none", "label": "None" },
          { "value": "uppercase", "label": "Uppercase" },
          { "value": "lowercase", "label": "Lowercase" },
          { "value": "capitalize", "label": "Capitalize" }
        ],
        "default": "none"
      },
      {
        "type": "range",
        "id": "h4_line_height",
        "min": 0.8,
        "max": 2.0,
        "step": 0.1,
        "label": "Line Height",
        "default": 1.4
      },
      {
        "type": "range",
        "id": "h4_letter_spacing",
        "min": -2,
        "max": 10,
        "step": 0.5,
        "unit": "px",
        "label": "Letter Spacing",
        "default": 0
      },
      {
        "type": "header",
        "content": "Heading 5 (H5)"
      },
      {
        "type": "range",
        "id": "h5_size",
        "min": 10,
        "max": 100,
        "step": 1,
        "unit": "px",
        "label": "Size",
        "default": 16
      },
      {
        "type": "color",
        "id": "h5_color",
        "label": "Color",
        "default": "#000000"
      },
      {
        "type": "range",
        "id": "h5_weight",
        "min": 100,
        "max": 900,
        "step": 100,
        "label": "Font Weight",
        "default": 400
      },
      {
        "type": "select",
        "id": "h5_transform",
        "label": "Text Transform",
        "options": [
          { "value": "none", "label": "None" },
          { "value": "uppercase", "label": "Uppercase" },
          { "value": "lowercase", "label": "Lowercase" },
          { "value": "capitalize", "label": "Capitalize" }
        ],
        "default": "none"
      },
      {
        "type": "range",
        "id": "h5_line_height",
        "min": 0.8,
        "max": 2.0,
        "step": 0.1,
        "label": "Line Height",
        "default": 1.5
      },
      {
        "type": "range",
        "id": "h5_letter_spacing",
        "min": -2,
        "max": 10,
        "step": 0.5,
        "unit": "px",
        "label": "Letter Spacing",
        "default": 0
      },
      {
        "type": "header",
        "content": "Heading 6 (H6)"
      },
      {
        "type": "range",
        "id": "h6_size",
        "min": 10,
        "max": 100,
        "step": 1,
        "unit": "px",
        "label": "Size",
        "default": 14
      },
      {
        "type": "color",
        "id": "h6_color",
        "label": "Color",
        "default": "#000000"
      },
      {
        "type": "range",
        "id": "h6_weight",
        "min": 100,
        "max": 900,
        "step": 100,
        "label": "Font Weight",
        "default": 400
      },
      {
        "type": "select",
        "id": "h6_transform",
        "label": "Text Transform",
        "options": [
          { "value": "none", "label": "None" },
          { "value": "uppercase", "label": "Uppercase" },
          { "value": "lowercase", "label": "Lowercase" },
          { "value": "capitalize", "label": "Capitalize" }
        ],
        "default": "none"
      },
      {
        "type": "range",
        "id": "h6_line_height",
        "min": 0.8,
        "max": 2.0,
        "step": 0.1,
        "label": "Line Height",
        "default": 1.5
      },
      {
        "type": "range",
        "id": "h6_letter_spacing",
        "min": -2,
        "max": 10,
        "step": 0.5,
        "unit": "px",
        "label": "Letter Spacing",
        "default": 0
      }
    ]
  },
  {
    "name": "theme_info",
    "theme_name": "Ethnic",
    "theme_version": "1.0.0",
    "theme_author": "Omsolutions.biz",
    "theme_documentation_url": "https://help.shopify.com/manual/online-store/themes",
    "theme_support_url": "https://support.shopify.com/"
  }
]
