{
  "type": "header",
  "name": "Header",
  "sections": {
    "announcement_bar": {
      "type": "announcement-bar",
      "settings": {
      }
    },
    "header_section": {
      "type": "header",
      "settings": {
        "logo_position": "center",
        "menu_position": "left",
        "menu_row": "top",
        "show_search": true,
        "search_position": "right",
        "search_row": "top",
        "show_country": true,
        "country_selector_style": false,
        "show_language": true,
        "localization_font": "heading",
        "localization_font_size": "0.875rem",
        "localization_position": "right",
        "localization_row": "top",
        "section_width": "page-width",
        "section_height": "standard",
        "enable_sticky_header": "never",
        "divider_width": 0,
        "divider_size": "page-width",
        "border_width": 0,
        "color_scheme_top": "scheme-5",
        "color_scheme_bottom": "",
        "color_scheme_transparent": "scheme-6",
        "enable_transparent_header_home": false,
        "home_color_scheme": "inverse",
        "enable_transparent_header_product": false,
        "product_color_scheme": "default",
        "enable_transparent_header_collection": false,
        "collection_color_scheme": "default"
      }
    }
  },
  "order": [
    "announcement_bar",
    "header_section"
  ]
}
