{
  "article": [],
  "blog": [],
  "collection": [],
  "company": [],
  "company_location": [],
  "location": [],
  "market": [],
  "order": [],
  "page": [],
  "product": [
    {
      "key": "color-pattern",
      "namespace": "shopify",
      "name": "Color",
      "description": "Defines the primary color or pattern, such as blue or striped",
      "type": {
        "name": "list.metaobject_reference",
        "category": "REFERENCE"
      }
    },
    {
      "key": "closure-type",
      "namespace": "shopify",
      "name": "Closure type",
      "description": "Defines the method used to fasten or secure a product, such as zipper or buckles",
      "type": {
        "name": "list.metaobject_reference",
        "category": "REFERENCE"
      }
    },
    {
      "key": "toe-style",
      "namespace": "shopify",
      "name": "Toe style",
      "description": "Defines the shape or design of a shoe's toe, such as open or pointed",
      "type": {
        "name": "list.metaobject_reference",
        "category": "REFERENCE"
      }
    },
    {
      "key": "age-group",
      "namespace": "shopify",
      "name": "Age group",
      "description": "Defines the target age range for a product, such as adults or kids",
      "type": {
        "name": "list.metaobject_reference",
        "category": "REFERENCE"
      }
    },
    {
      "key": "resistance-level",
      "namespace": "shopify",
      "name": "Resistance level",
      "description": "Indicates the product's resistance level, typically for exercise bands; e.g. very heavy",
      "type": {
        "name": "list.metaobject_reference",
        "category": "REFERENCE"
      }
    },
    {
      "key": "queries",
      "namespace": "shopify--discovery--product_search_boost",
      "name": "Search product boosts",
      "description": "List of search queries for which a product gets higher rank in search results",
      "type": {
        "name": "list.single_line_text_field",
        "category": "TEXT"
      }
    },
    {
      "key": "related_products",
      "namespace": "shopify--discovery--product_recommendation",
      "name": "Related products",
      "description": "List of related products",
      "type": {
        "name": "list.product_reference",
        "category": "REFERENCE"
      }
    },
    {
      "key": "related_products_display",
      "namespace": "shopify--discovery--product_recommendation",
      "name": "Related products settings",
      "description": "Determines how related products are displayed along with algorithmic product recommendations",
      "type": {
        "name": "single_line_text_field",
        "category": "TEXT"
      }
    },
    {
      "key": "complementary_products",
      "namespace": "shopify--discovery--product_recommendation",
      "name": "Complementary products",
      "description": "List of complementary products",
      "type": {
        "name": "list.product_reference",
        "category": "REFERENCE"
      }
    },
    {
      "key": "size",
      "namespace": "shopify",
      "name": "Size",
      "description": "Used to specify the size of a product, such as 0-3 months or Extra large (XL)",
      "type": {
        "name": "list.metaobject_reference",
        "category": "REFERENCE"
      }
    },
    {
      "key": "target-gender",
      "namespace": "shopify",
      "name": "Target gender",
      "description": "Identifies the intended gender for a product, such as female, male or unisex",
      "type": {
        "name": "list.metaobject_reference",
        "category": "REFERENCE"
      }
    },
    {
      "key": "fabric",
      "namespace": "shopify",
      "name": "Fabric",
      "description": "Identifies the type of fabric used in a product, for example, cotton or denim",
      "type": {
        "name": "list.metaobject_reference",
        "category": "REFERENCE"
      }
    }
  ],
  "variant": [],
  "shop": []
}