{
  "sections": {
    "hero": {
      "type": "hero"
    },
    "product-slider-1": {
      "type": "product-slider",
      "settings": {
        "title": "Just Arrived"
      }
    },
    "banner": {
      "type": "banner"
    },
    "product-slider-2": {
      "type": "product-slider",
      "settings": {
        "title": "Most Popular"
      }
    },
    "big-text": {
      "type": "big-text"
    },
    "product-slider-3": {
      "type": "product-slider",
      "settings": {
        "title": "Best Seller"
      }
    },
    "explore-more": {
      "type": "explore-more",
      "settings": {
      }
    },
    "features": {
      "type": "features",
      "blocks": {
        "feature-1": {
          "type": "feature",
          "settings": {
            "title": "Free Shipping",
            "text": "<p>On all orders over $100</p>",
            "icon_svg": "shipping"
          }
        },
        "feature-2": {
          "type": "feature",
          "settings": {
            "title": "Premium Quality",
            "text": "<p>Certified top materials</p>",
            "icon_svg": "quality"
          }
        },
        "feature-3": {
          "type": "feature",
          "settings": {
            "title": "Secure Payments",
            "text": "<p>100% protected transactions</p>",
            "icon_svg": "payment"
          }
        }
      },
      "block_order": [
        "feature-1",
        "feature-2",
        "feature-3"
      ],
      "settings": {
        "alignment": "center"
      }
    },
    "carousel": {
      "type": "carousel",
      "settings": {
        "heading": "THE NEW DROP",
        "subtext": "<p>What everyone else will be wearing next season.<br>What you get to wear now. Be first. Be fast. Or be forgotten.</p>"
      }
    },
    
  },
  "order": [
    "hero",
    "product-slider-1",
    "banner",
    "product-slider-2",
    "big-text",
    "product-slider-3",
    "carousel",
    "explore-more",
    "features",
  ]
}
